 ,Mean1,Mean2,Mean3,Mean4,Mean5,Mean6,Mean7,Mean8,Mean9,Mean10,Mean11,Mean12,Mean13,Mean14,Mean15,Mean16,Mean17,Mean18,Mean19,Mean20,Mean21,Mean22,Mean23,Mean24,Mean25,Mean26,Mean27,Mean28,Mean29,Mean30,Mean31,Mean32,Mean33,Mean34,Mean35,Mean36,Mean37,Mean38,Mean39,Mean40,Mean41,Mean42,Mean43,Mean44,Mean45,Mean46,Mean47,Mean48,Mean49,Mean50,Mean51,Mean52,Mean53,Mean54,Mean55,Mean56,Mean57,Mean58,Mean59,Mean60,Mean61,Mean62,Mean63,Mean64,Mean65,Mean66,Mean67,Mean68,Mean69,Mean70,Mean71,Mean72,Mean73,Mean74,Mean75,Mean76,Mean77,Mean78,Mean79,Mean80,Mean81,Mean82,Mean83,Mean84,Mean85,Mean86,Mean87,Mean88,Mean89,Mean90,Mean91,Mean92,Mean93,Mean94,Mean95,Mean96,Mean97,Mean98,Mean99,Mean100
1,16158.6,17362.9,17571.1,17953.5,18146.6,18603.2,18832.5,18739.6,18703.2,19139.6,19809.1,20223.5,20430.6,20526.1,20403.2,20441.1,21123.8,21881.8,22179.7,22099.7,22114.4,22452.7,22541.3,21798.6,21162.5,20828.3,21213.3,22351.7,23245.3,23914.5,24405.9,24964.2,25662.5,26648.7,27449.0,27430.1,27074.2,26853.2,26618.2,25993.6,24590.4,23271.4,22640.1,22033.2,21268.7,20910.0,21311.5,22013.6,21810.9,21080.9,20552.2,19772.6,19178.5,19011.3,18835.1,18634.1,18729.7,19128.7,18917.9,19161.8,20045.4,20519.5,20859.8,21057.4,21102.0,21081.6,21152.3,21433.2,21016.2,20133.7,19745.7,19588.7,19691.3,19740.6,19846.5,19765.6,19570.2,19629.3,19102.5,18853.4,18818.1,18368.5,18347.5,18423.7,18595.0,18777.5,18889.1,18924.6,18864.3,18786.9,18643.2,18251.9,17817.2,17603.2,17671.7,17778.2,17202.6,16413.8,16057.4,15984.1
2,16158.9,17363.3,17571.3,17954.1,18149.2,18605.8,18832.7,18740.5,18706.0,19140.6,19808.7,20226.3,20434.6,20529.4,20405.7,20440.4,21121.6,21881.4,22179.4,22096.7,22111.6,22454.1,22540.9,21798.3,21164.0,20827.1,21211.0,22351.3,23245.7,23913.5,24406.2,24962.8,25659.9,26645.4,27444.4,27427.3,27072.4,26850.9,26617.5,25994.6,24589.1,23270.0,22638.9,22033.2,21272.0,20912.0,21312.1,22014.0,21810.5,21082.1,20553.7,19772.3,19176.2,19010.0,18835.7,18633.9,18728.8,19128.0,18917.5,19162.0,20045.4,20518.8,20858.2,21053.7,21097.1,21080.4,21154.4,21434.0,21018.1,20132.9,19743.9,19586.9,19688.6,19741.6,19847.9,19765.6,19572.3,19632.7,19104.7,18855.0,18821.4,18370.2,18346.6,18423.8,18594.1,18777.7,18892.0,18924.9,18865.1,18788.5,18641.5,18249.8,17816.3,17603.7,17672.2,17777.0,17202.3,16414.4,16057.7,15985.2
3,16161.4,17365.2,17573.6,17958.6,18152.3,18608.4,18838.0,18745.6,18709.2,19144.5,19811.4,20228.7,20436.1,20530.9,20409.2,20444.1,21125.3,21884.3,22183.4,22100.1,22112.0,22457.0,22543.7,21801.1,21166.1,20826.6,21210.7,22354.8,23249.6,23916.5,24407.9,24962.4,25662.8,26650.2,27449.1,27433.9,27076.6,26852.6,26619.1,25998.0,24592.4,23271.2,22639.0,22033.2,21273.3,20910.0,21309.1,22014.1,21813.2,21084.1,20555.0,19773.9,19178.1,19011.4,18838.6,18635.1,18730.0,19129.6,18920.0,19166.9,20050.1,20521.1,20859.0,21051.5,21094.5,21081.4,21158.1,21438.5,21021.4,20134.8,19745.0,19590.3,19691.1,19740.4,19847.7,19767.6,19574.2,19633.7,19107.8,18858.3,18823.2,18373.3,18352.6,18427.4,18594.2,18780.2,18894.6,18924.7,18866.4,18792.2,18643.5,18248.7,17817.6,17608.5,17678.0,17780.7,17203.8,16414.0,16056.6,15986.6
4,16166.2,17368.3,17577.2,17962.2,18152.2,18610.1,18839.1,18745.6,18709.0,19143.6,19809.8,20229.5,20440.1,20533.6,20412.2,20444.6,21122.7,21883.6,22182.6,22099.7,22113.7,22460.3,22546.2,21803.4,21169.3,20829.5,21213.2,22356.3,23253.6,23919.6,24408.0,24963.4,25669.0,26655.4,27451.9,27438.6,27081.9,26855.9,26624.3,26002.8,24593.9,23273.3,22640.2,22033.3,21275.0,20911.5,21311.3,22016.1,21813.9,21085.4,20556.8,19774.7,19179.8,19015.9,18842.8,18637.3,18733.0,19133.6,18918.7,19165.0,20050.2,20520.9,20863.3,21056.9,21096.8,21085.3,21163.9,21443.3,21023.1,20136.2,19747.6,19592.2,19692.8,19741.2,19845.8,19765.7,19573.3,19633.6,19108.2,18861.9,18826.9,18374.0,18354.7,18429.1,18595.3,18781.8,18897.5,18928.0,18870.3,18797.1,18648.0,18253.9,17821.9,17611.6,17684.1,17785.2,17203.4,16412.3,16056.5,15987.3
5,19735.2,21202.3,21456.5,21896.5,22130.1,22678.4,22894.3,22696.6,22589.2,23065.2,23806.6,24247.0,24443.0,24509.7,24274.7,24225.4,24991.9,25838.5,26125.6,25969.6,25913.6,26117.1,26011.2,25179.7,24513.1,24011.1,24351.8,25557.5,26413.6,26986.1,27331.3,27706.4,28203.1,28971.8,29596.4,29524.8,29246.7,29200.0,29190.8,28790.1,27651.6,26540.1,26018.0,25463.3,24682.2,24268.0,24599.5,25193.9,25015.4,24403.6,23928.2,23085.7,22379.0,22164.4,21944.2,21680.1,21768.5,22213.1,21946.8,22217.7,23214.4,23728.3,24132.2,24370.7,24402.2,24354.0,24320.0,24447.4,24027.8,23219.0,22804.6,22635.0,22765.8,22838.1,22960.4,22877.7,22686.9,22777.7,22172.5,21897.1,21859.9,21324.3,21282.9,21349.2,21514.6,21725.1,21881.5,21949.8,21942.4,21912.6,21779.4,21351.7,20858.0,20604.4,20601.2,20569.3,19928.2,19135.8,18709.5,18564.6
6,23360.0,25093.5,25395.9,25890.8,26169.1,26814.9,27017.3,26712.9,26536.7,27052.5,27865.9,28328.8,28514.5,28554.2,28199.8,28067.7,28925.6,29859.1,30133.6,29903.8,29776.5,29832.2,29530.1,28609.7,27912.8,27247.4,27542.5,28811.4,29623.2,30098.8,30302.4,30497.4,30772.0,31317.7,31774.1,31642.0,31441.6,31580.9,31798.6,31624.8,30760.4,29861.1,29450.4,28951.1,28151.4,27681.2,27940.8,28427.3,28275.6,27779.5,27356.5,26448.3,25627.4,25363.0,25095.4,24774.6,24850.8,25340.5,25024.9,25319.1,26429.7,26987.5,27455.0,27736.6,27760.3,27671.9,27523.5,27496.5,27079.5,26352.0,25910.1,25722.0,25884.8,25986.3,26127.7,26043.5,25852.2,25971.0,25288.1,24984.3,24945.0,24322.3,24255.5,24316.2,24484.8,24718.1,24913.7,25021.1,25065.5,25077.5,24959.1,24500.9,23940.9,23643.9,23566.3,23397.3,22698.5,21907.5,21408.7,21185.4
7,27003.7,29009.5,29359.0,29908.3,30230.3,30971.0,31161.0,30751.6,30506.2,31060.3,31946.4,32429.9,32601.8,32614.7,32145.7,31932.3,32879.4,33897.1,34158.1,33854.2,33654.8,33567.5,33068.4,32056.8,31327.2,30498.4,30749.7,32083.0,32850.3,33226.5,33288.8,33302.0,33354.1,33678.8,33962.5,33769.5,33651.0,33973.9,34416.9,34472.1,33885.5,33199.8,32903.0,32458.3,31635.0,31106.8,31295.7,31672.4,31545.6,31171.6,30803.9,29832.0,28895.1,28579.0,28260.8,27882.7,27950.5,28481.1,28118.8,28440.8,29662.2,30264.9,30795.8,31118.3,31132.4,31007.3,30747.4,30564.7,30147.9,29501.4,29033.1,28828.7,29023.7,29151.2,29313.5,29229.2,29037.3,29184.5,28421.0,28082.7,28042.1,27336.5,27246.1,27301.5,27470.0,27724.8,27961.4,28108.0,28201.1,28258.3,28157.2,27662.7,27039.5,26701.0,26546.2,26239.9,25483.3,24688.8,24116.1,23817.7
8,26989.0,28993.1,29349.0,29898.2,30216.8,30962.2,31151.2,30743.6,30501.1,31054.9,31939.7,32424.8,32599.6,32614.2,32144.7,31933.7,32881.9,33901.3,34161.6,33859.0,33659.6,33570.1,33073.2,32062.9,31333.7,30506.1,30756.6,32085.9,32849.4,33225.1,33293.4,33307.4,33353.8,33679.7,33968.7,33777.5,33656.9,33982.7,34427.8,34479.7,33894.1,33209.0,32908.5,32462.4,31637.7,31106.7,31292.3,31669.1,31546.1,31170.6,30798.4,29825.7,28890.1,28573.8,28255.6,27880.1,27946.7,28475.5,28111.4,28432.1,29654.2,30256.4,30784.4,31106.4,31121.4,30998.0,30741.4,30557.5,30141.6,29496.1,29028.0,28822.5,29017.2,29148.5,29311.9,29230.7,29037.7,29180.4,28418.2,28079.9,28042.4,27341.3,27251.0,27307.1,27471.7,27721.1,27954.6,28098.6,28187.4,28239.8,28135.5,27638.6,27013.2,26673.9,26522.5,26214.4,25458.9,24666.8,24096.5,23803.8
9,26982.8,28988.4,29344.9,29893.0,30216.1,30962.1,31145.9,30737.1,30496.9,31056.8,31943.6,32425.7,32600.1,32615.4,32148.8,31941.2,32892.7,33911.7,34166.1,33864.6,33668.1,33579.0,33081.9,32070.8,31343.0,30517.9,30770.8,32099.1,32858.2,33233.6,33302.6,33314.3,33362.4,33691.0,33977.3,33788.8,33673.2,33997.6,34441.2,34493.7,33906.5,33221.4,32922.3,32471.5,31643.2,31110.9,31295.7,31669.6,31545.9,31174.3,30802.8,29830.4,28895.1,28578.1,28259.7,27881.7,27945.9,28471.8,28108.0,28429.2,29649.7,30251.5,30782.0,31104.7,31114.6,30991.3,30736.6,30552.8,30136.8,29494.4,29029.7,28825.5,29018.6,29149.7,29314.3,29230.8,29040.1,29185.5,28420.2,28079.0,28044.2,27347.4,27256.4,27311.3,27471.5,27717.6,27950.2,28091.7,28176.1,28227.0,28118.8,27615.0,26990.9,26652.7,26498.3,26190.3,25435.9,24644.3,24079.3,23791.3
10,26976.5,28979.3,29337.5,29885.8,30211.0,30962.5,31146.7,30737.4,30495.4,31056.3,31945.4,32430.6,32606.7,32620.1,32152.2,31947.8,32902.7,33923.3,34178.2,33876.6,33682.1,33588.6,33089.7,32082.2,31357.6,30534.3,30784.6,32110.7,32870.6,33244.2,33311.9,33323.8,33372.1,33704.1,33993.2,33802.9,33689.8,34013.5,34453.9,34508.8,33919.8,33233.0,32931.8,32479.5,31650.8,31116.9,31299.4,31671.2,31549.4,31178.9,30806.0,29833.0,28899.0,28580.5,28264.4,27884.7,27946.3,28473.3,28106.4,28426.3,29645.3,30246.2,30776.3,31098.2,31109.5,30987.6,30733.3,30549.7,30135.5,29492.9,29027.7,28826.1,29017.2,29148.7,29313.1,29226.8,29037.8,29185.0,28420.1,28083.8,28049.6,27349.8,27257.3,27312.6,27473.3,27722.0,27951.2,28084.5,28166.0,28212.7,28096.9,27592.9,26967.8,26626.4,26473.4,26163.6,25410.8,24626.6,24064.8,23779.1
11,26261.2,28208.1,28551.0,29078.1,29392.8,30135.3,30322.1,29933.1,29708.0,30263.9,31141.9,31623.1,31805.1,31826.2,31381.5,31200.2,32142.6,33144.4,33410.1,33126.1,32949.1,32893.4,32436.5,31444.7,30731.9,29942.8,30204.2,31527.5,32303.1,32699.7,32798.5,32851.9,32950.8,33331.7,33652.4,33470.0,33346.9,33638.6,34035.1,34047.6,33405.0,32678.3,32355.4,31885.7,31053.6,30525.9,30721.6,31105.7,30977.1,30594.9,30214.6,29248.3,28331.1,28020.1,27713.0,27342.1,27403.0,27919.2,27556.2,27873.7,29079.9,29676.5,30197.6,30510.8,30525.0,30411.8,30184.0,30033.2,29613.0,28948.6,28487.9,28288.0,28470.8,28595.6,28757.3,28667.8,28475.9,28616.9,27862.3,27528.5,27491.0,26802.5,26713.5,26769.3,26930.0,27173.7,27394.3,27517.3,27591.2,27633.5,27518.9,27029.8,26423.9,26096.9,25966.4,25683.3,24937.0,24149.3,23598.0,23323.4
12,25532.6,27423.9,27753.0,28255.4,28553.6,29289.9,29483.2,29112.8,28906.2,29449.8,30317.0,30801.6,30991.1,31022.7,30597.0,30436.3,31367.6,32352.7,32628.3,32363.3,32203.7,32185.2,31771.7,30799.2,30096.1,29339.4,29610.9,30929.9,31723.3,32144.8,32277.9,32372.5,32519.9,32948.3,33303.4,33127.9,32988.9,33253.4,33610.5,33573.1,32877.8,32112.6,31763.3,31281.9,30446.9,29924.4,30133.9,30533.0,30398.0,29996.8,29603.8,28648.7,27750.0,27446.3,27145.5,26785.6,26852.6,27361.5,26999.1,27310.7,28503.9,29096.6,29603.8,29910.3,29929.9,29828.2,29628.3,29511.1,29085.2,28393.7,27935.3,27740.8,27917.0,28036.6,28195.1,28105.6,27908.0,28037.9,27295.7,26967.8,26926.3,26249.2,26164.8,26221.5,26380.7,26617.3,26826.6,26940.1,27006.0,27044.6,26933.0,26458.3,25872.0,25558.0,25451.3,25195.7,24456.8,23668.0,23124.5,22859.8
13,24800.4,26633.2,26949.7,27428.9,27716.5,28444.7,28639.3,28287.8,28100.8,28639.7,29494.8,29979.6,30171.3,30212.4,29810.7,29670.2,30591.2,31557.9,31841.5,31598.6,31455.3,31475.3,31108.4,30153.3,29456.6,28729.7,29015.7,30331.5,31133.9,31582.8,31753.6,31889.4,32083.9,32560.7,32947.4,32781.3,32626.9,32864.3,33185.3,33097.3,32351.9,31548.1,31172.0,30674.2,29834.1,29321.0,29544.4,29955.4,29815.9,29398.9,28991.0,28041.5,27162.4,26869.8,26581.2,26230.9,26296.4,26799.8,26442.0,26747.3,27929.8,28517.7,29013.0,29311.7,29330.0,29236.4,29065.6,28983.2,28553.6,27840.4,27383.4,27189.0,27359.5,27472.7,27629.2,27540.3,27337.6,27458.2,26729.4,26402.5,26358.1,25697.8,25616.4,25670.4,25826.7,26052.3,26253.0,26361.6,26416.6,26451.9,26346.0,25883.4,25317.7,25021.3,24933.8,24704.8,23974.8,23181.1,22646.4,22393.3
14,24834.8,26670.5,26987.1,27467.7,27759.3,28489.1,28683.9,28332.2,28147.2,28685.8,29543.5,30028.7,30217.7,30262.2,29854.6,29707.2,30635.6,31606.7,31884.4,31639.8,31498.8,31515.6,31141.2,30184.4,29485.4,28758.8,29047.0,30360.5,31161.8,31608.9,31778.0,31911.9,32102.3,32574.0,32957.7,32792.7,32635.9,32874.9,33197.9,33111.3,32373.4,31568.9,31190.7,30697.7,29858.6,29345.7,29569.9,29983.7,29843.1,29422.4,29016.1,28067.7,27188.5,26894.0,26603.6,26251.3,26319.3,26829.3,26470.8,26774.5,27957.1,28540.5,29038.2,29338.8,29354.2,29260.2,29088.7,29008.1,28580.1,27868.9,27411.0,27214.9,27384.1,27496.3,27655.4,27569.6,27363.7,27483.3,26756.4,26429.5,26383.0,25722.1,25640.2,25694.6,25850.2,26076.7,26280.1,26391.5,26448.1,26489.8,26389.5,25923.1,25356.3,25062.0,24972.6,24741.2,24013.5,23218.8,22681.2,22423.0
15,24866.7,26703.2,27023.2,27509.8,27802.5,28531.1,28726.0,28379.1,28194.9,28734.9,29592.3,30077.4,30266.1,30310.5,29901.2,29752.2,30680.2,31651.8,31932.1,31687.3,31543.8,31556.1,31179.3,30221.4,29521.1,28791.9,29080.6,30396.1,31195.6,31639.0,31800.3,31933.1,32124.9,32591.7,32970.8,32807.3,32651.2,32885.7,33211.9,33129.9,32394.7,31594.1,31217.2,30720.5,29881.0,29372.1,29598.7,30012.6,29868.5,29448.1,29047.3,28093.8,27211.2,26918.0,26628.7,26277.5,26344.3,26851.8,26493.4,26799.4,27985.1,28567.1,29061.4,29362.7,29379.4,29283.7,29112.7,29033.2,28606.0,27896.9,27436.8,27240.4,27407.8,27517.2,27678.9,27593.5,27388.2,27507.0,26778.5,26450.2,26403.8,25746.0,25664.8,25717.4,25872.7,26102.4,26308.1,26420.6,26481.1,26527.4,26431.8,25966.9,25397.0,25103.8,25013.7,24777.1,24048.3,23252.5,22712.1,22450.4
16,24897.2,26737.9,27059.2,27550.8,27846.3,28575.1,28767.0,28421.3,28239.2,28781.9,29641.4,30123.2,30312.3,30360.2,29945.2,29793.0,30724.4,31697.1,31975.6,31729.3,31587.3,31598.9,31216.4,30253.4,29553.5,28823.0,29111.7,30428.0,31230.1,31670.6,31827.3,31957.4,32147.0,32607.4,32982.6,32820.4,32664.4,32897.6,33225.1,33147.9,32412.6,31612.8,31239.7,30747.2,29907.6,29398.3,29626.5,30041.6,29896.1,29475.4,29078.0,28123.6,27239.8,26943.0,26649.7,26298.2,26367.8,26875.0,26517.4,26824.4,28009.2,28592.0,29084.9,29387.0,29405.3,29311.9,29138.3,29056.9,28629.5,27919.4,27459.6,27266.4,27436.7,27544.4,27704.9,27619.3,27413.8,27533.0,26800.7,26471.6,26426.3,25766.6,25688.5,25742.9,25895.7,26127.8,26338.6,26452.6,26515.2,26566.7,26474.5,26010.5,25438.4,25145.4,25056.7,24815.7,24083.9,23288.7,22744.9,22480.0
17,24362.2,26165.4,26487.9,26976.7,27271.3,27991.9,28186.6,27859.7,27691.4,28233.2,29087.8,29570.1,29765.9,29824.0,29432.6,29302.9,30225.5,31186.8,31467.7,31234.6,31106.9,31141.5,30786.4,29836.7,29148.9,28442.0,28737.1,30052.1,30862.5,31313.8,31485.4,31637.2,31854.4,32341.7,32739.1,32585.3,32423.3,32633.6,32936.4,32829.0,32052.1,31227.3,30845.4,30342.1,29497.5,28996.0,29234.2,29661.7,29511.3,29075.1,28669.7,27721.5,26850.0,26560.5,26274.4,25930.2,26001.1,26500.2,26145.6,26447.9,27618.4,28195.1,28679.3,28974.2,28995.3,28907.8,28749.9,28688.4,28259.2,27535.1,27077.6,26889.1,27055.7,27156.2,27312.8,27223.3,27019.2,27138.9,26414.6,26085.9,26043.9,25398.6,25326.2,25379.4,25534.1,25767.9,25972.9,26081.2,26134.5,26173.0,26073.9,25612.8,25042.9,24750.2,24669.8,24447.5,23721.4,22926.3,22392.6,22145.8
18,23819.3,25584.6,25907.8,26392.2,26688.1,27402.1,27598.3,27287.7,27131.2,27674.3,28528.6,29013.7,29214.1,29277.7,28907.9,28798.3,29714.4,30663.6,30946.2,30727.6,30612.5,30670.4,30343.6,29408.7,28729.4,28045.8,28351.9,29662.4,30479.5,30943.3,31137.4,31313.3,31556.4,32071.7,32488.9,32342.3,32171.7,32360.1,32635.7,32498.5,31685.5,30831.4,30434.6,29926.6,29079.1,28582.2,28830.2,29268.9,29117.2,28664.2,28247.0,27307.9,26454.5,26172.4,25890.8,25550.9,25622.4,26118.8,25768.8,26066.3,27220.5,27789.4,28265.9,28555.1,28577.0,28497.0,28355.5,28312.9,27878.9,27141.1,26687.5,26498.2,26663.8,26762.8,26915.2,26825.5,26619.9,26736.3,26020.7,25694.7,25653.5,25021.1,24954.4,25011.4,25170.2,25399.5,25599.3,25705.9,25745.2,25769.6,25663.5,25201.3,24637.5,24346.6,24274.4,24071.2,23351.6,22554.4,22034.5,21807.0
19,23273.9,25002.1,25327.1,25807.8,26100.5,26804.7,27004.3,26714.9,26573.9,27113.9,27962.1,28450.2,28659.2,28733.0,28384.0,28290.7,29198.5,30141.9,30427.3,30219.4,30118.0,30194.2,29896.9,28979.1,28308.7,27652.5,27967.6,29273.6,30096.2,30572.2,30784.5,30983.5,31256.8,31804.5,32244.2,32102.1,31919.0,32084.9,32337.0,32168.4,31318.2,30438.4,30026.9,29506.5,28655.1,28166.7,28428.8,28880.2,28720.5,28250.4,27825.3,26892.8,26053.8,25780.7,25506.3,25172.5,25243.4,25730.5,25385.3,25680.4,26820.6,27381.5,27849.7,28133.7,28159.2,28081.3,27955.9,27936.7,27497.8,26745.3,26296.3,26108.8,26265.3,26357.9,26509.8,26422.7,26218.8,26332.3,25624.6,25302.2,25261.8,24643.5,24580.3,24638.8,24800.7,25027.8,25221.6,25322.7,25355.6,25368.4,25252.8,24790.0,24229.6,23940.9,23878.1,23694.8,22981.5,22184.2,21676.5,21465.6
20,23296.9,25026.8,25351.6,25834.9,26130.9,26837.2,27035.8,26746.1,26604.7,27145.4,27994.3,28481.2,28690.3,28761.8,28408.7,28314.3,29220.3,30163.4,30450.6,30241.3,30134.3,30210.0,29916.2,29001.2,28328.0,27666.8,27982.1,29288.7,30108.2,30584.8,30798.3,30997.9,31271.9,31817.6,32254.2,32109.2,31923.2,32088.6,32342.8,32179.2,31330.6,30452.1,30039.9,29519.9,28674.2,28186.8,28447.5,28897.7,28740.0,28269.9,27842.7,26909.7,26073.2,25801.1,25523.8,25187.6,25254.1,25743.8,25403.5,25700.1,26838.8,27401.1,27869.8,28154.7,28180.0,28101.0,27975.8,27956.8,27513.8,26760.8,26311.2,26123.4,26283.4,26377.8,26530.4,26444.6,26239.0,26350.9,25641.9,25323.6,25281.1,24660.8,24599.6,24657.8,24820.9,25048.8,25245.0,25348.9,25384.6,25399.5,25283.5,24821.2,24262.3,23974.5,23911.5,23726.2,23009.6,22212.6,21705.5,21491.4
21,23319.8,25051.9,25378.1,25865.7,26162.3,26868.6,27069.1,26783.2,26642.2,27178.4,28025.6,28513.0,28719.3,28793.1,28439.1,28337.0,29241.3,30188.3,30476.0,30266.5,30162.2,30237.5,29942.2,29023.5,28346.9,27686.0,28001.1,29308.8,30124.4,30600.6,30815.7,31013.7,31283.9,31829.7,32268.3,32121.5,31932.7,32098.7,32355.6,32194.3,31347.5,30470.6,30059.9,29538.3,28692.5,28207.7,28467.7,28918.9,28763.3,28293.8,27867.2,26932.6,26094.3,25820.7,25542.3,25207.5,25274.0,25763.9,25427.1,25722.0,26858.4,27423.4,27895.2,28179.9,28206.4,28124.6,27997.2,27977.8,27536.0,26781.5,26333.9,26147.3,26303.8,26395.6,26547.3,26460.6,26256.2,26370.5,25662.7,25347.3,25303.4,24681.3,24622.8,24680.8,24842.3,25071.6,25273.3,25378.8,25415.4,25431.7,25315.3,24856.6,24295.9,24008.6,23947.5,23760.1,23044.2,22248.1,21738.1,21520.5
22,23342.8,25079.5,25401.3,25892.4,26194.2,26899.6,27104.1,26814.4,26669.1,27209.8,28061.4,28547.8,28749.3,28818.0,28465.0,28363.9,29266.0,30211.4,30501.0,30291.2,30184.1,30261.7,29965.5,29044.7,28367.0,27703.3,28017.4,29322.0,30138.1,30616.5,30833.4,31031.4,31300.1,31840.3,32275.2,32126.5,31939.9,32107.6,32362.8,32205.3,31360.3,30483.0,30075.2,29558.5,28715.5,28227.0,28484.9,28938.6,28784.4,28315.0,27888.9,26955.9,26113.9,25837.7,25558.7,25223.9,25293.8,25787.2,25446.7,25738.9,26877.0,27445.7,27919.7,28203.4,28227.9,28146.5,28018.5,27995.2,27553.7,26802.2,26355.0,26166.5,26323.0,26417.1,26569.8,26479.8,26271.8,26386.2,25680.1,25368.2,25325.7,24701.8,24643.9,24701.5,24864.1,25095.7,25298.6,25406.7,25444.5,25460.5,25348.2,24891.8,24328.8,24038.9,23977.0,23789.8,23076.3,22278.7,21769.1,21548.7
23,22782.6,24474.5,24787.6,25269.9,25565.3,26254.4,26455.1,26178.0,26046.7,26585.7,27426.3,27911.2,28112.9,28188.3,27859.0,27770.5,28660.3,29592.4,29885.7,29691.9,29597.0,29697.3,29430.0,28517.8,27844.2,27207.5,27529.1,28820.7,29647.2,30146.9,30386.5,30613.4,30918.9,31497.8,31956.5,31811.8,31610.7,31751.4,31970.8,31773.5,30884.8,29976.1,29547.1,29018.8,28173.8,27693.0,27971.4,28448.8,28285.7,27796.2,27362.2,26437.0,25612.0,25344.7,25075.2,24752.2,24827.3,25312.3,24980.0,25269.7,26390.0,26953.5,27419.9,27697.2,27720.4,27644.7,27534.6,27530.0,27089.3,26326.7,25883.4,25699.0,25849.8,25939.1,26089.4,25999.9,25793.5,25903.4,25205.1,24895.0,24854.1,24243.0,24189.5,24249.5,24411.8,24640.2,24839.0,24942.2,24971.7,24980.1,24864.0,24409.9,23850.4,23562.8,23509.8,23340.1,22633.4,21831.9,21329.0,21123.2
24,22213.8,23860.7,24163.5,24632.7,24923.3,25594.5,25790.4,25526.8,25407.8,25946.0,26777.5,27258.9,27464.5,27545.7,27237.0,27169.0,28046.0,28962.5,29261.0,29077.3,28992.5,29119.1,28880.0,27976.4,27309.9,26697.5,27024.3,28306.6,29145.6,29664.0,29926.0,30183.5,30529.1,31143.3,31624.7,31487.6,31272.4,31383.2,31568.1,31331.8,30393.7,29449.8,29001.7,28466.0,27624.6,27152.6,27449.2,27946.9,27775.3,27263.6,26819.5,25905.5,25098.2,24840.8,24585.0,24269.1,24344.8,24824.9,24499.4,24787.2,25892.2,26449.7,26904.7,27175.3,27199.1,27129.7,27040.4,27058.5,26611.6,25839.7,25399.1,25217.1,25367.1,25451.7,25600.4,25512.5,25304.6,25408.8,24719.8,24414.6,24373.0,23774.3,23724.1,23784.5,23949.1,24175.9,24367.1,24464.1,24487.2,24488.3,24369.1,23916.7,23361.1,23074.1,23032.7,22883.8,22179.0,21373.2,20880.5,20690.1
25,21638.5,23240.8,23541.1,23998.5,24278.1,24931.5,25124.2,24880.0,24775.3,25307.1,26124.6,26601.7,26812.8,26902.6,26614.8,26563.2,27427.0,28329.3,28631.8,28460.0,28388.9,28543.3,28332.2,27436.5,26774.8,26185.8,26519.5,27797.2,28646.8,29180.9,29464.7,29753.8,30138.2,30788.8,31296.7,31169.3,30939.7,31017.1,31167.5,30892.8,29906.1,28926.6,28456.7,27907.8,27069.0,26610.6,26924.6,27440.6,27264.8,26731.0,26275.1,25370.3,24584.2,24338.4,24091.0,23785.8,23861.3,24334.9,24021.8,24308.6,25395.3,25941.4,26386.1,26651.8,26679.3,26614.5,26545.1,26588.6,26138.0,25352.9,24914.2,24735.2,24882.7,24965.3,25112.1,25021.5,24811.7,24913.0,24234.3,23928.9,23889.1,23304.8,23257.0,23320.0,23486.6,23709.2,23894.9,23987.6,24002.2,23996.7,23871.2,23419.4,22869.8,22587.6,22556.6,22424.4,21722.8,20913.5,20428.2,20253.4
26,21662.4,23268.1,23568.0,24020.9,24297.5,24949.3,25143.1,24898.4,24790.5,25320.4,26139.2,26617.2,26825.2,26912.2,26622.0,26569.2,27435.0,28338.3,28639.4,28466.6,28395.0,28548.7,28336.4,27438.8,26778.0,26187.4,26519.2,27800.9,28650.1,29180.5,29464.2,29753.7,30135.3,30785.0,31292.9,31165.9,30936.8,31010.4,31164.1,30890.3,29899.8,28920.4,28454.2,27904.2,27064.5,26609.0,26921.4,27433.1,27261.0,26726.0,26266.4,25365.4,24582.2,24336.7,24088.4,23782.1,23859.0,24334.2,24019.0,24306.3,25396.1,25941.2,26383.6,26646.2,26676.5,26615.9,26548.6,26593.4,26141.7,25355.8,24916.6,24736.4,24885.5,24968.9,25114.7,25022.3,24809.8,24913.0,24239.6,23933.8,23893.8,23311.6,23265.2,23332.4,23500.6,23725.2,23914.3,24009.9,24026.5,24021.4,23899.1,23449.3,22900.8,22619.1,22587.9,22454.6,21753.9,20943.1,20456.9,20276.7
27,21684.3,23291.3,23589.7,24044.6,24322.1,24972.7,25165.6,24920.4,24812.5,25338.1,26154.5,26632.6,26840.8,26926.8,26633.1,26577.8,27446.4,28351.9,28649.2,28474.7,28404.2,28556.5,28343.6,27447.1,26788.9,26197.7,26526.5,27807.6,28655.2,29185.0,29468.9,29760.0,30138.2,30783.9,31289.4,31164.4,30938.0,31010.7,31162.7,30886.2,29897.0,28920.4,28453.6,27902.8,27063.0,26606.7,26918.7,27431.8,27260.6,26727.8,26267.6,25366.4,24582.7,24334.3,24084.8,23779.3,23858.3,24334.8,24019.4,24307.9,25397.5,25940.7,26386.0,26650.7,26680.4,26618.3,26549.6,26597.6,26149.9,25361.0,24920.0,24741.2,24892.0,24974.4,25118.5,25025.5,24811.9,24917.9,24245.9,23937.4,23897.5,23317.6,23272.8,23344.0,23514.3,23740.3,23933.1,24032.3,24057.1,24055.8,23932.8,23482.5,22934.6,22654.3,22620.0,22482.8,21785.2,20976.4,20485.6,20299.7
28,21709.0,23314.6,23610.2,24063.6,24342.7,24995.2,25187.2,24940.1,24831.7,25356.8,26171.0,26650.5,26859.0,26942.1,26644.1,26585.5,27456.9,28363.8,28658.2,28482.5,28409.9,28560.6,28348.0,27452.4,26796.0,26205.0,26533.1,27812.6,28655.7,29184.5,29471.7,29763.7,30139.1,30783.0,31288.1,31160.6,30932.5,31004.6,31156.4,30880.7,29892.2,28917.8,28451.2,27900.7,27061.4,26604.9,26915.0,27430.5,27260.0,26724.3,26265.2,25362.9,24580.7,24331.8,24082.8,23777.2,23857.3,24332.4,24016.6,24307.2,25396.2,25940.4,26386.4,26652.2,26680.1,26620.9,26552.4,26598.6,26152.9,25363.3,24921.7,24743.2,24896.5,24979.6,25120.7,25028.9,24816.0,24922.3,24253.1,23946.1,23901.7,23322.5,23281.2,23352.2,23527.0,23757.5,23951.1,24053.3,24082.7,24082.5,23961.6,23513.1,22965.7,22685.3,22653.0,22515.0,21817.5,21009.7,20515.5,20326.1
29,20889.7,22437.5,22726.0,23170.2,23440.7,24072.9,24269.3,24050.1,23957.6,24471.0,25265.0,25736.8,25949.9,26039.1,25766.3,25725.2,26575.5,27462.4,27759.1,27598.6,27543.2,27732.7,27559.3,26679.5,26031.9,25476.4,25813.5,27076.9,27931.5,28480.5,28799.2,29135.2,29560.7,30250.2,30791.7,30673.4,30426.7,30456.2,30552.1,30224.4,29173.7,28150.8,27656.0,27097.3,26267.5,25824.7,26155.5,26700.7,26518.6,25952.9,25485.3,24596.7,23841.1,23603.7,23368.4,23081.6,23164.8,23628.3,23327.8,23614.4,24674.1,25207.8,25639.2,25897.3,25927.5,25873.6,25833.0,25915.7,25468.7,24661.7,24226.9,24053.5,24200.9,24278.7,24414.3,24326.4,24117.1,24214.4,23561.5,23264.9,23221.1,22660.3,22623.6,22694.6,22874.3,23101.4,23285.1,23380.4,23402.1,23399.5,23277.2,22834.2,22299.2,22027.2,22013.1,21899.2,21203.8,20394.1,19914.4,19744.5
30,20058.3,21546.1,21826.1,22260.2,22521.0,23131.3,23331.6,23138.0,23060.6,23566.4,24341.2,24807.6,25025.0,25119.1,24870.9,24847.9,25675.9,26541.7,26843.4,26701.0,26659.6,26886.1,26755.5,25891.2,25251.0,24731.3,25079.0,26327.3,27193.3,27768.0,28117.2,28493.2,28972.0,29712.1,30290.2,30177.1,29905.9,29891.1,29934.9,29557.0,28443.5,27372.2,26851.8,26280.4,25459.6,25034.3,25382.1,25953.7,25762.7,25164.0,24683.5,23811.4,23089.2,22866.1,22641.7,22372.1,22458.2,22909.5,22621.1,22901.8,23935.2,24460.2,24877.5,25124.4,25156.5,25114.9,25102.9,25216.6,24767.8,23944.3,23517.5,23347.9,23488.5,23564.0,23695.8,23608.6,23402.2,23492.0,22858.5,22570.6,22527.6,21984.9,21955.7,22029.1,22209.1,22435.2,22612.2,22701.2,22710.0,22699.9,22579.2,22145.5,21623.7,21358.2,21359.7,21271.8,20582.9,19768.8,19299.4,19147.8
31,19221.8,20651.6,20921.9,21343.7,21596.2,22184.7,22388.5,22222.4,22159.4,22652.4,23412.8,23876.0,24090.8,24189.8,23969.9,23964.8,24770.7,25617.8,25924.5,25797.7,25772.9,26034.6,25948.5,25101.0,24466.1,23981.7,24339.7,25575.0,26454.8,27051.9,27430.6,27848.6,28376.8,29165.1,29776.3,29676.2,29388.1,29327.3,29317.9,28883.9,27704.5,26586.5,26037.8,25453.8,24642.6,24234.7,24603.4,25200.6,24997.3,24369.3,23877.9,23023.4,22332.4,22122.7,21909.9,21655.6,21743.2,22184.1,21909.9,22184.5,23190.9,23708.8,24112.1,24346.0,24379.5,24348.5,24365.2,24514.1,24067.2,23227.4,22808.0,22642.3,22775.1,22844.0,22972.1,22885.6,22681.7,22765.3,22147.8,21869.7,21830.5,21309.1,21287.4,21362.4,21541.1,21762.2,21934.4,22015.6,22013.1,21998.1,21877.3,21452.1,20945.1,20687.3,20702.5,20641.6,19956.7,19138.3,18684.0,18548.9
32,19239.6,20668.3,20936.3,21355.5,21608.9,22197.0,22399.2,22231.7,22169.0,22664.6,23424.0,23884.3,24099.0,24198.0,23978.9,23974.5,24776.9,25623.0,25931.4,25802.8,25777.1,26035.3,25948.9,25100.3,24464.0,23982.2,24340.9,25578.5,26456.6,27053.9,27432.2,27846.7,28375.9,29164.4,29771.3,29670.3,29380.9,29319.6,29310.8,28876.4,27697.7,26579.5,26029.5,25445.3,24637.4,24231.5,24597.6,25191.7,24989.6,24362.8,23869.5,23016.7,22329.5,22120.8,21906.3,21650.5,21738.5,22178.0,21903.7,22177.1,23183.3,23702.5,24106.3,24342.0,24375.8,24346.4,24362.0,24509.9,24063.6,23226.2,22806.9,22641.5,22773.0,22841.3,22972.1,22883.7,22678.6,22764.2,22145.1,21867.3,21832.0,21313.2,21295.3,21376.1,21558.8,21786.0,21971.1,22065.7,22075.8,22071.6,21961.1,21544.0,21037.9,20776.4,20785.3,20714.1,20020.6,19193.2,18726.7,18579.6
33,19256.7,20688.1,20956.5,21371.3,21623.0,22214.2,22417.3,22246.4,22183.5,22679.4,23441.2,23896.2,24105.8,24206.8,23988.4,23982.9,24785.6,25631.8,25938.0,25808.2,25783.1,26037.9,25951.0,25103.5,24465.0,23985.5,24344.5,25580.0,26457.9,27054.9,27433.6,27846.2,28373.6,29161.5,29769.1,29667.9,29380.5,29317.7,29304.0,28869.6,27690.6,26572.1,26023.0,25439.4,24632.4,24225.9,24592.9,25187.4,24985.6,24358.4,23866.9,23015.0,22326.0,22118.4,21901.9,21645.1,21734.1,22175.8,21901.4,22173.4,23180.2,23699.9,24103.1,24337.0,24372.6,24345.3,24359.2,24506.6,24063.2,23227.7,22807.9,22644.7,22775.2,22842.1,22972.4,22885.0,22678.1,22763.1,22144.0,21868.7,21836.7,21319.4,21300.9,21385.3,21577.2,21812.7,22007.5,22114.2,22140.1,22149.9,22047.8,21635.1,21132.6,20870.2,20872.6,20790.5,20085.8,19246.1,18772.4,18618.5
34,19276.2,20706.1,20973.0,21389.8,21642.3,22232.8,22433.8,22258.6,22193.9,22689.9,23450.9,23901.8,24113.0,24216.2,23997.1,23992.6,24796.8,25639.9,25946.0,25818.9,25790.9,26042.9,25952.4,25105.1,24469.3,23990.8,24347.8,25580.2,26458.5,27056.9,27435.0,27844.1,28371.3,29160.7,29771.3,29667.4,29374.5,29313.3,29302.6,28867.5,27687.4,26569.1,26025.0,25441.1,24631.1,24224.6,24589.5,25185.0,24985.2,24359.6,23867.2,23013.7,22323.9,22116.2,21899.0,21642.5,21733.2,22176.4,21901.0,22173.9,23182.9,23698.9,24100.2,24335.0,24373.5,24345.9,24359.7,24506.5,24058.4,23224.0,22807.2,22646.1,22776.1,22840.8,22970.6,22885.4,22680.7,22765.5,22144.5,21870.3,21839.8,21321.6,21306.7,21397.8,21597.4,21840.8,22046.8,22168.3,22207.8,22231.1,22138.2,21729.5,21227.5,20965.6,20963.1,20865.2,20149.7,19302.4,18817.4,18654.9
35,18476.1,19850.1,20108.2,20512.3,20752.4,21313.2,21511.4,21354.0,21298.5,21778.4,22516.9,22958.5,23168.3,23273.9,23072.1,23081.4,23860.4,24672.7,24975.6,24861.8,24846.1,25129.6,25079.9,24255.7,23631.6,23186.3,23548.8,24757.8,25637.7,26255.8,26664.7,27112.5,27688.9,28529.3,29179.9,29090.7,28777.0,28668.0,28601.2,28111.8,26870.5,25711.0,25150.3,24562.5,23764.2,23375.7,23759.6,24382.8,24173.3,23521.4,23024.0,22184.3,21521.9,21325.2,21118.2,20876.1,20970.8,21405.4,21141.3,21404.7,22383.6,22888.2,23274.0,23497.6,23534.9,23514.4,23554.2,23728.8,23281.9,22435.2,22028.3,21871.2,21992.6,22054.4,22178.7,22092.3,21889.0,21967.2,21365.4,21099.9,21067.8,20566.4,20556.2,20644.4,20836.1,21066.1,21251.6,21353.1,21371.8,21376.8,21272.4,20866.4,20376.8,20127.1,20145.3,20083.6,19398.2,18571.4,18117.6,17983.6
36,17660.4,18973.0,19225.2,19615.6,19843.4,20377.7,20570.5,20430.5,20385.2,20849.4,21564.7,21996.8,22204.1,22309.3,22128.3,22151.3,22903.9,23687.7,23988.1,23885.7,23881.7,24201.0,24193.2,23385.6,22773.2,22363.3,22731.5,23920.6,24804.7,25438.1,25876.7,26367.0,26995.2,27888.2,28576.7,28500.0,28164.8,28010.8,27890.0,27342.1,26038.0,24837.0,24254.4,23662.7,22879.4,22510.5,22913.4,23561.3,23340.9,22666.6,22163.0,21336.1,20705.4,20521.5,20324.6,20093.9,20190.6,20613.9,20364.6,20622.9,21572.0,22062.5,22429.5,22643.7,22680.9,22666.7,22733.5,22937.5,22487.0,21630.6,21234.0,21081.0,21195.2,21249.9,21370.8,21283.6,21083.1,21155.8,20571.6,20312.3,20282.2,19800.6,19794.3,19880.0,20062.3,20278.1,20443.6,20524.2,20520.3,20505.9,20391.2,19987.8,19508.4,19270.0,19312.3,19289.5,18631.5,17827.2,17405.9,17298.5
37,16840.0,18093.4,18339.3,18713.8,18927.6,19435.6,19626.2,19504.5,19469.8,19921.1,20613.0,21032.9,21237.9,21344.6,21182.7,21215.9,21940.0,22698.2,22994.5,22902.4,22912.3,23266.1,23298.3,22509.7,21907.9,21534.8,21911.8,23079.3,23965.0,24617.8,25086.2,25619.1,26299.4,27241.3,27968.6,27908.0,27554.4,27353.0,27174.3,26570.3,25202.3,23956.7,23352.1,22756.3,21988.6,21641.4,22065.1,22735.2,22506.0,21805.6,21296.4,20488.2,19886.2,19714.0,19527.8,19310.3,19408.9,19821.8,19587.1,19834.2,20751.0,21230.8,21581.5,21786.3,21824.1,21815.1,21904.7,22139.8,21694.4,20826.4,20436.2,20288.2,20396.1,20444.6,20561.9,20474.6,20273.0,20338.5,19776.6,19523.7,19492.8,19031.9,19026.7,19110.1,19283.6,19485.8,19630.9,19688.6,19666.2,19633.5,19506.0,19106.8,18639.5,18409.9,18473.2,18491.4,17862.6,17077.1,16689.6,16612.1
38,16843.0,18095.5,18343.0,18716.4,18929.1,19442.2,19632.8,19507.8,19473.4,19923.9,20616.5,21040.8,21245.6,21350.6,21187.0,21217.5,21942.7,22702.8,22998.7,22906.4,22914.8,23270.4,23301.3,22507.4,21907.9,21537.2,21914.5,23084.8,23971.6,24623.3,25088.3,25621.7,26304.9,27245.9,27967.8,27907.1,27553.7,27354.0,27176.4,26567.9,25197.9,23956.0,23352.9,22757.9,21990.4,21641.9,22066.1,22734.6,22505.4,21806.3,21297.3,20488.7,19886.3,19714.1,19529.2,19309.7,19406.5,19821.1,19587.9,19835.4,20752.6,21231.6,21582.0,21787.1,21827.7,21817.4,21904.6,22140.9,21694.2,20827.5,20435.1,20285.6,20397.9,20447.1,20564.9,20478.4,20275.5,20342.2,19783.0,19529.6,19497.6,19036.9,19033.7,19123.5,19310.4,19532.2,19692.7,19765.9,19759.5,19736.4,19611.4,19208.0,18737.8,18507.4,18570.0,18579.7,17935.8,17134.9,16735.4,16646.6
39,16849.2,18101.0,18345.2,18720.5,18931.7,19444.4,19637.4,19514.4,19479.9,19931.4,20622.1,21047.0,21252.9,21357.6,21191.3,21221.9,21947.3,22703.5,22999.0,22910.4,22919.2,23272.9,23300.9,22508.1,21909.9,21540.4,21919.8,23086.9,23972.1,24628.9,25092.0,25620.9,26303.8,27249.3,27971.7,27908.5,27553.9,27354.3,27177.1,26568.0,25198.3,23958.6,23356.0,22758.6,21990.4,21645.4,22069.0,22736.0,22506.8,21803.8,21294.4,20487.2,19884.3,19714.3,19531.7,19313.3,19408.9,19824.2,19592.1,19838.2,20753.3,21231.7,21584.3,21787.6,21826.8,21819.1,21907.1,22144.2,21699.4,20830.0,20436.3,20289.3,20401.2,20450.1,20569.2,20483.0,20279.9,20344.5,19785.9,19534.6,19501.9,19044.0,19045.1,19138.2,19336.0,19575.0,19753.1,19843.6,19851.1,19836.3,19716.7,19318.1,18844.4,18606.9,18664.8,18665.6,18009.7,17197.5,16784.4,16682.6
40,16854.2,18104.4,18348.9,18724.2,18935.0,19447.5,19638.1,19515.9,19484.2,19936.1,20624.5,21047.5,21254.1,21360.3,21193.3,21224.2,21948.7,22704.7,23002.4,22916.2,22923.5,23275.2,23303.6,22509.1,21911.3,21543.1,21921.4,23089.9,23975.9,24630.2,25094.7,25623.7,26306.0,27253.5,27973.3,27908.8,27556.0,27355.5,27175.8,26565.2,25196.3,23959.4,23357.7,22760.3,21990.7,21643.8,22065.5,22737.1,22509.1,21805.4,21296.7,20485.5,19882.1,19714.0,19533.3,19316.2,19409.1,19821.6,19590.5,19838.6,20753.2,21231.7,21585.7,21788.1,21826.6,21822.5,21913.3,22147.4,21698.7,20830.9,20438.7,20288.4,20400.7,20451.8,20571.5,20485.7,20283.5,20347.7,19788.3,19537.9,19506.3,19048.7,19055.4,19154.0,19361.8,19617.0,19813.6,19924.0,19943.3,19933.9,19821.7,19424.3,18945.5,18706.8,18762.1,18753.4,18083.8,17258.9,16832.5,16716.8
41,16566.3,17796.0,18043.0,18411.1,18618.9,19123.1,19307.7,19194.4,19168.3,19616.6,20296.1,20711.2,20916.7,21024.8,20862.9,20900.7,21621.4,22366.5,22659.2,22575.8,22588.2,22950.0,22986.3,22199.5,21607.8,21249.2,21628.7,22789.6,23676.8,24334.7,24806.5,25348.9,26045.8,27012.7,27749.5,27688.1,27329.3,27113.5,26913.9,26277.9,24887.2,23644.9,23038.5,22436.2,21673.0,21336.0,21763.8,22441.1,22206.2,21494.4,20984.3,20180.1,19589.5,19425.7,19247.2,19036.0,19130.2,19536.6,19309.2,19552.8,20456.3,20928.6,21276.0,21474.6,21511.8,21512.8,21613.8,21849.5,21399.6,20531.6,20145.5,20000.3,20107.6,20153.1,20269.3,20183.4,19982.8,20043.8,19489.6,19243.6,19212.8,18762.9,18768.7,18859.1,19050.8,19281.4,19453.3,19534.0,19523.3,19493.3,19370.2,18977.3,18509.7,18282.1,18354.5,18368.8,17721.5,16921.4,16521.2,16429.6
42,16273.9,17483.8,17732.9,18092.8,18297.2,18794.0,18973.9,18866.0,18845.1,19288.3,19961.1,20370.6,20575.5,20686.7,20528.1,20570.2,21284.8,22019.3,22312.2,22230.6,22245.8,22619.1,22663.9,21882.3,21300.0,20951.4,21330.0,22485.8,23373.2,24030.2,24510.5,25072.1,25786.6,26766.8,27517.4,27463.3,27099.1,26867.9,26648.2,25985.7,24570.8,23320.8,22715.3,22115.5,21354.3,21022.0,21457.6,22138.7,21897.5,21182.7,20672.3,19873.3,19293.7,19132.1,18955.8,18750.1,18846.6,19246.7,19020.9,19261.2,20154.8,20622.5,20962.5,21159.8,21199.7,21202.9,21308.8,21546.0,21095.9,20229.4,19847.5,19702.1,19807.8,19852.3,19964.8,19877.6,19673.5,19734.0,19189.9,18945.8,18913.6,18468.7,18472.0,18557.5,18735.8,18940.6,19085.8,19137.5,19098.8,19048.7,18912.6,18518.0,18063.3,17851.6,17942.6,17979.6,17352.6,16575.7,16202.0,16135.1
43,15979.8,17172.2,17424.4,17774.8,17973.3,18466.1,18643.9,18540.3,18523.4,18959.8,19624.5,20032.6,20237.4,20349.7,20194.1,20241.5,20950.8,21670.3,21960.3,21880.0,21899.4,22286.3,22338.7,21564.0,20991.0,20653.9,21033.6,22181.9,23069.6,23729.0,24212.8,24788.1,25521.2,26523.3,27290.1,27238.3,26867.4,26620.1,26378.7,25690.2,24254.8,22999.8,22390.1,21787.7,21033.2,20711.4,21153.7,21836.6,21588.4,20864.3,20354.9,19564.9,18995.9,18838.8,18667.1,18463.1,18562.4,18960.6,18735.8,18972.9,19856.0,20316.7,20650.3,20844.8,20884.0,20886.3,21000.0,21243.7,20792.3,19926.3,19547.0,19405.9,19510.1,19550.1,19659.1,19571.9,19364.8,19422.1,18888.0,18647.7,18613.7,18176.4,18177.4,18253.0,18417.0,18600.9,18717.9,18738.5,18673.6,18604.5,18453.8,18061.4,17619.7,17419.1,17527.6,17587.8,16985.3,16231.0,15882.9,15840.1
44,15998.9,17190.4,17442.6,17795.6,17992.9,18484.9,18664.7,18560.6,18543.5,18978.9,19642.0,20050.2,20258.7,20373.9,20214.2,20258.1,20969.2,21688.2,21979.6,21899.6,21917.1,22303.6,22354.3,21578.4,21006.8,20669.1,21052.2,22200.8,23084.7,23742.4,24230.6,24806.5,25535.8,26538.4,27303.3,27250.5,26880.6,26633.3,26395.0,25712.0,24273.6,23013.6,22407.5,21807.8,21052.4,20731.2,21172.2,21854.6,21609.0,20883.1,20375.3,19584.8,19012.5,18855.5,18684.3,18479.9,18579.6,18977.3,18750.3,18990.5,19877.5,20335.2,20667.3,20863.4,20903.4,20905.6,21020.0,21265.4,20813.6,19946.3,19565.1,19423.1,19528.0,19568.9,19679.9,19592.3,19383.2,19441.0,18906.8,18662.2,18628.3,18196.3,18196.5,18269.6,18434.3,18619.6,18736.1,18757.7,18696.9,18627.4,18472.8,18080.3,17639.0,17436.7,17545.9,17603.4,16999.3,16247.3,15898.7,15853.7
45,16016.4,17208.5,17462.2,17813.6,18009.4,18503.5,18683.3,18580.7,18565.2,19000.7,19661.0,20067.7,20277.8,20396.1,20237.0,20278.8,20991.6,21711.3,22001.9,21922.4,21938.9,22324.8,22373.5,21596.3,21025.5,20687.9,21073.8,22221.5,23104.9,23761.3,24251.0,24825.0,25550.8,26557.8,27321.8,27264.6,26895.6,26648.8,26412.8,25732.2,24294.0,23035.1,22427.8,21825.6,21071.1,20751.7,21191.0,21873.1,21629.3,20902.7,20394.7,19604.1,19031.3,18874.2,18701.8,18498.2,18600.0,18997.2,18771.0,19010.3,19895.7,20353.3,20687.1,20882.2,20920.3,20922.8,21041.1,21286.7,20831.7,19962.8,19581.2,19441.5,19548.6,19588.4,19698.2,19612.4,19406.6,19464.2,18927.6,18680.6,18645.5,18214.8,18215.6,18286.8,18452.3,18640.4,18756.1,18777.6,18718.6,18647.1,18491.0,18100.8,17657.7,17454.1,17562.1,17620.5,17019.0,16267.1,15917.9,15870.4
46,16034.7,17224.7,17478.4,17831.8,18028.1,18521.7,18700.7,18601.4,18585.7,19020.5,19682.7,20088.5,20297.2,20415.4,20256.7,20299.3,21013.7,21735.3,22024.7,21942.2,21957.1,22344.0,22393.2,21614.5,21045.3,20707.2,21092.3,22239.1,23120.6,23778.4,24270.1,24842.0,25564.6,26570.2,27334.2,27277.3,26909.0,26665.8,26432.5,25752.7,24313.9,23056.2,22450.7,21848.1,21090.9,20769.6,21208.1,21886.1,21643.9,20920.7,20409.2,19618.5,19047.1,18890.4,18717.7,18515.5,18618.2,19014.9,18788.8,19025.4,19911.4,20370.6,20703.4,20899.4,20937.8,20941.2,21059.5,21306.4,20853.4,19981.3,19598.8,19459.9,19568.1,19608.5,19717.5,19630.5,19426.3,19486.5,18948.1,18698.5,18661.2,18232.1,18232.4,18303.2,18470.8,18659.0,18771.5,18792.6,18738.3,18665.5,18507.9,18118.0,17674.2,17468.0,17576.5,17635.5,17032.0,16282.6,15932.9,15884.5
